"","subject","type","item","condition","question","correct_answer","response","rt","group","ambiguity","trimmed_rt"
"23","L1 1","gp",3,"c","!","{The_president}",1,1844,-0.5,0.5,1844
"29","L1 1","gp",4,"d","!","{The_friend}",1,2138,-0.5,-0.5,2138
"33","L1 1","gp",7,"c","!","{The_lady}",1,1510,-0.5,0.5,1510
"89","L1 1","gp",20,"d","!","{The_man}",1,1897,-0.5,-0.5,1897
"92","L1 1","gp",19,"c","!","{The_basketball_player}",1,2853,-0.5,0.5,2853
"112","L1 1","gp",12,"d","!","{The_baby}",1,1747,-0.5,-0.5,1747
"133","L1 1","gp",11,"c","!","{The_friend}",1,1691,-0.5,0.5,1691
"140","L1 1","gp",24,"d","!","{The_director}",1,2375,-0.5,-0.5,2375
"144","L1 1","gp",16,"d","!","{The_assistant}",1,1960,-0.5,-0.5,1960
"159","L1 1","gp",15,"c","!","{The_boy}",1,3248,-0.5,0.5,3248
"171","L1 1","gp",23,"c","!","{The_child}",1,4003,-0.5,0.5,4003
"175","L1 1","gp",8,"d","!","{The_boy}",1,1513,-0.5,-0.5,1513
"217","L1 2","gp",15,"d","!","{The_boy}",1,1028,-0.5,-0.5,1028
"223","L1 2","gp",2,"c","!","{The_mother}",0,2794,-0.5,0.5,2794
"230","L1 2","gp",10,"c","!","{The_two_soldiers}",0,1124,-0.5,0.5,1124
"241","L1 2","gp",6,"c","!","{The_neighbour}",1,972,-0.5,0.5,972
"247","L1 2","gp",19,"d","!","{The_basketball_player}",1,1542,-0.5,-0.5,1542
"265","L1 2","gp",14,"c","!","{The_nurse}",1,1586,-0.5,0.5,1586
"293","L1 2","gp",3,"d","!","{The_president}",1,1444,-0.5,-0.5,1444
"297","L1 2","gp",23,"d","!","{The_child}",1,1108,-0.5,-0.5,1108
"324","L1 2","gp",11,"d","!","{The_friend}",1,1136,-0.5,-0.5,1136
"345","L1 2","gp",18,"c","!","{The_baby}",1,2386,-0.5,0.5,2386
"348","L1 2","gp",22,"c","!","{The_coach}",1,2255,-0.5,0.5,2255
"359","L1 2","gp",7,"d","!","{The_lady}",1,953,-0.5,-0.5,953
"401","L1 3","gp",18,"d","!","{The_baby}",1,1989,-0.5,-0.5,1989
"405","L1 3","gp",22,"d","!","{The_coach}",1,2556,-0.5,-0.5,2556
"409","L1 3","gp",9,"c","!","{The_pianist}",0,12669,-0.5,0.5,NA
"412","L1 3","gp",6,"d","!","{The_neighbour}",1,1922,-0.5,-0.5,1922
"427","L1 3","gp",13,"c","!","{The_boy}",1,1870,-0.5,0.5,1870
"456","L1 3","gp",1,"c","!","{The_man}",1,1631,-0.5,0.5,1631
"471","L1 3","gp",14,"d","!","{The_nurse}",1,1757,-0.5,-0.5,1757
"502","L1 3","gp",21,"c","!","{The_child}",1,2411,-0.5,0.5,2411
"519","L1 3","gp",5,"c","!","{The_boy}",1,3324,-0.5,0.5,3324
"529","L1 3","gp",10,"d","!","{The_General}",1,2177,-0.5,-0.5,2177
"532","L1 3","gp",17,"c","!","{The_terrorist}",1,2360,-0.5,0.5,2360
"538","L1 3","gp",2,"d","!","{The_baby}",1,1910,-0.5,-0.5,1910
"562","L1 4","gp",12,"c","!","{The_baby}",1,1212,-0.5,0.5,1212
"571","L1 4","gp",21,"d","!","{The_child}",1,1585,-0.5,-0.5,1585
"574","L1 4","gp",24,"c","!","{The_actresses}",0,2472,-0.5,0.5,2472
"578","L1 4","gp",17,"d","!","{The_terrorist}",1,1088,-0.5,-0.5,1088
"595","L1 4","gp",4,"c","!","{The_friend}",1,1058,-0.5,0.5,1058
"599","L1 4","gp",16,"c","!","{The_assistant}",1,3170,-0.5,0.5,3170
"614","L1 4","gp",8,"c","!","{The_boy}",1,2749,-0.5,0.5,2749
"638","L1 4","gp",13,"d","!","{The_boy}",1,1443,-0.5,-0.5,1443
"656","L1 4","gp",1,"d","!","{The_man}",1,1064,-0.5,-0.5,1064
"663","L1 4","gp",20,"c","!","{The_man}",1,2021,-0.5,0.5,2021
"673","L1 4","gp",9,"d","!","{The_singer}",1,1267,-0.5,-0.5,1267
"701","L1 4","gp",5,"d","!","{The_boy}",1,1838,-0.5,-0.5,1838
"738","L1 5","gp",19,"c","!","{The_basketball_player}",1,2411,-0.5,0.5,2411
"747","L1 5","gp",4,"d","!","{The_friend}",1,1865,-0.5,-0.5,1865
"750","L1 5","gp",7,"c","!","{The_lady}",1,1604,-0.5,0.5,1604
"757","L1 5","gp",16,"d","!","{The_assistant}",1,4299,-0.5,-0.5,4299
"778","L1 5","gp",3,"c","!","{The_president}",1,1976,-0.5,0.5,1976
"791","L1 5","gp",23,"c","!","{The_mother}",0,2373,-0.5,0.5,2373
"820","L1 5","gp",8,"d","!","{The_boy}",1,2142,-0.5,-0.5,2142
"823","L1 5","gp",15,"c","!","{The_aunt}",0,1437,-0.5,0.5,1437
"835","L1 5","gp",24,"d","!","{The_actresses}",0,3337,-0.5,-0.5,3337
"853","L1 5","gp",11,"c","!","{The_lady}",0,2132,-0.5,0.5,2132
"888","L1 5","gp",20,"d","!","{The_man}",1,1902,-0.5,-0.5,1902
"898","L1 5","gp",12,"d","!","{The_baby}",1,2848,-0.5,-0.5,2848
"919","L1 6","gp",11,"d","!","{The_friend}",1,1612,-0.5,-0.5,1612
"932","L1 6","gp",6,"c","!","{The_neighbour}",1,1813,-0.5,0.5,1813
"942","L1 6","gp",2,"c","!","{The_baby}",1,2120,-0.5,0.5,2120
"945","L1 6","gp",10,"c","!","{The_General}",1,2816,-0.5,0.5,2816
"955","L1 6","gp",15,"d","!","{The_boy}",1,1811,-0.5,-0.5,1811
"970","L1 6","gp",3,"d","!","{The_president}",1,1585,-0.5,-0.5,1585
"984","L1 6","gp",7,"d","!","{The_lady}",1,2098,-0.5,-0.5,2098
"1022","L1 6","gp",14,"c","!","{The_doctor}",0,2617,-0.5,0.5,2617
"1033","L1 6","gp",23,"d","!","{The_child}",1,1661,-0.5,-0.5,1661
"1054","L1 6","gp",22,"c","!","{The_coach}",1,1860,-0.5,0.5,1860
"1068","L1 6","gp",18,"c","!","{The_baby}",1,5989,-0.5,0.5,NA
"1075","L1 6","gp",19,"d","!","{The_basketball_player}",1,1552,-0.5,-0.5,1552
"1100","L1 7","gp",17,"c","!","{The_terrorist}",1,2381,-0.5,0.5,2381
"1112","L1 7","gp",18,"d","!","{The_baby}",1,1646,-0.5,-0.5,1646
"1115","L1 7","gp",13,"c","!","{The_boy}",1,1324,-0.5,0.5,1324
"1118","L1 7","gp",22,"d","!","{The_coach}",1,1700,-0.5,-0.5,1700
"1132","L1 7","gp",1,"c","!","{The_lawyer}",0,2661,-0.5,0.5,2661
"1145","L1 7","gp",5,"c","!","{The_father}",0,3607,-0.5,0.5,3607
"1164","L1 7","gp",9,"c","!","{The_pianist}",0,2553,-0.5,0.5,2553
"1204","L1 7","gp",6,"d","!","{The_neighbour}",1,2836,-0.5,-0.5,2836
"1207","L1 7","gp",10,"d","!","{The_General}",1,2029,-0.5,-0.5,2029
"1220","L1 7","gp",2,"d","!","{The_baby}",1,2359,-0.5,-0.5,2359
"1231","L1 7","gp",21,"c","!","{The_child}",1,5031,-0.5,0.5,5031
"1238","L1 7","gp",14,"d","!","{The_nurse}",1,2369,-0.5,-0.5,2369
"1285","L1 8","gp",24,"c","!","{The_actresses}",0,2478,-0.5,0.5,2478
"1294","L1 8","gp",4,"c","!","{The_two_children}",0,1941,-0.5,0.5,1941
"1301","L1 8","gp",5,"d","!","{The_boy}",1,2185,-0.5,-0.5,2185
"1308","L1 8","gp",13,"d","!","{The_boy}",1,1881,-0.5,-0.5,1881
"1333","L1 8","gp",9,"d","!","{The_singer}",1,1554,-0.5,-0.5,1554
"1354","L1 8","gp",12,"c","!","{The_nurse}",0,4455,-0.5,0.5,4455
"1370","L1 8","gp",17,"d","!","{The_terrorist}",1,2585,-0.5,-0.5,2585
"1382","L1 8","gp",16,"c","!","{The_assistant}",1,2231,-0.5,0.5,2231
"1392","L1 8","gp",8,"c","!","{Mary}",0,3689,-0.5,0.5,3689
"1413","L1 8","gp",21,"d","!","{The_child}",1,2050,-0.5,-0.5,2050
"1424","L1 8","gp",1,"d","!","{The_lawyer}",0,3695,-0.5,-0.5,3695
"1438","L1 8","gp",20,"c","!","{The_man}",1,1913,-0.5,0.5,1913
"1467","L1 9","gp",11,"c","!","{The_friend}",1,1081,-0.5,0.5,1081
"1476","L1 9","gp",15,"c","!","{The_aunt}",0,1342,-0.5,0.5,1342
"1482","L1 9","gp",24,"d","!","{The_director}",1,1031,-0.5,-0.5,1031
"1490","L1 9","gp",19,"c","!","{The_basketball_player}",1,1442,-0.5,0.5,1442
"1499","L1 9","gp",16,"d","!","{The_assistant}",1,1361,-0.5,-0.5,1361
"1510","L1 9","gp",12,"d","!","{The_baby}",1,991,-0.5,-0.5,991
"1520","L1 9","gp",8,"d","!","{The_boy}",1,1512,-0.5,-0.5,1512
"1529","L1 9","gp",23,"c","!","{The_child}",1,1537,-0.5,0.5,1537
"1561","L1 9","gp",20,"d","!","{The_man}",1,997,-0.5,-0.5,997
"1569","L1 9","gp",3,"c","!","{The_president}",1,1886,-0.5,0.5,1886
"1590","L1 9","gp",4,"d","!","{The_friend}",1,1115,-0.5,-0.5,1115
"1611","L1 9","gp",7,"c","!","{The_lady}",1,1527,-0.5,0.5,1527
"1635","L1 10","gp",23,"d","!","{The_child}",1,1145,-0.5,-0.5,1145
"1638","L1 10","gp",19,"d","!","{The_basketball_player}",1,1567,-0.5,-0.5,1567
"1655","L1 10","gp",11,"d","!","{The_friend}",1,1070,-0.5,-0.5,1070
"1663","L1 10","gp",3,"d","!","{The_president}",1,1148,-0.5,-0.5,1148
"1683","L1 10","gp",7,"d","!","{The_lady}",1,1975,-0.5,-0.5,1975
"1698","L1 10","gp",18,"c","!","{The_father}",0,3058,-0.5,0.5,3058
"1705","L1 10","gp",10,"c","!","{The_two_soldiers}",0,2028,-0.5,0.5,2028
"1718","L1 10","gp",2,"c","!","{The_mother}",0,2365,-0.5,0.5,2365
"1734","L1 10","gp",22,"c","!","{The_two_footballers}",0,1531,-0.5,0.5,1531
"1771","L1 10","gp",15,"d","!","{The_boy}",1,1730,-0.5,-0.5,1730
"1781","L1 10","gp",6,"c","!","{The_two_kids}",0,2253,-0.5,0.5,2253
"1798","L1 10","gp",14,"c","!","{The_nurse}",1,2379,-0.5,0.5,2379
"1849","L1 11","gp",14,"d","!","{The_nurse}",1,1387,-0.5,-0.5,1387
"1874","L1 11","gp",13,"c","!","{The_boy}",1,2940,-0.5,0.5,2940
"1885","L1 11","gp",9,"c","!","{The_singer}",1,1546,-0.5,0.5,1546
"1892","L1 11","gp",17,"c","!","{The_terrorist}",1,1470,-0.5,0.5,1470
"1898","L1 11","gp",22,"d","!","{The_coach}",1,1795,-0.5,-0.5,1795
"1901","L1 11","gp",5,"c","!","{The_father}",0,2136,-0.5,0.5,2136
"1905","L1 11","gp",21,"c","!","{The_child}",1,1477,-0.5,0.5,1477
"1915","L1 11","gp",18,"d","!","{The_baby}",1,1461,-0.5,-0.5,1461
"1926","L1 11","gp",1,"c","!","{The_man}",1,4194,-0.5,0.5,4194
"1946","L1 11","gp",10,"d","!","{The_General}",1,2523,-0.5,-0.5,2523
"1957","L1 11","gp",2,"d","!","{The_baby}",1,3624,-0.5,-0.5,3624
"1978","L1 11","gp",6,"d","!","{The_neighbour}",1,1573,-0.5,-0.5,1573
"1995","L1 12","gp",13,"d","!","{The_boy}",1,3244,-0.5,-0.5,3244
"1998","L1 12","gp",5,"d","!","{The_boy}",1,2107,-0.5,-0.5,2107
"2005","L1 12","gp",1,"d","!","{The_man}",1,1893,-0.5,-0.5,1893
"2069","L1 12","gp",20,"c","!","{The_man}",1,1715,-0.5,0.5,1715
"2080","L1 12","gp",24,"c","!","{The_actresses}",0,2325,-0.5,0.5,2325
"2094","L1 12","gp",4,"c","!","{The_two_children}",0,2993,-0.5,0.5,2993
"2114","L1 12","gp",8,"c","!","{Mary}",0,3289,-0.5,0.5,3289
"2118","L1 12","gp",16,"c","!","{The_assistant}",1,3541,-0.5,0.5,3541
"2131","L1 12","gp",21,"d","!","{The_child}",1,2202,-0.5,-0.5,2202
"2135","L1 12","gp",17,"d","!","{The_terrorist}",1,1418,-0.5,-0.5,1418
"2138","L1 12","gp",12,"c","!","{The_baby}",1,1664,-0.5,0.5,1664
"2153","L1 12","gp",9,"d","!","{The_singer}",1,1565,-0.5,-0.5,1565
"2176","L1 13","gp",24,"d","!","{The_director}",1,1383,-0.5,-0.5,1383
"2180","L1 13","gp",12,"d","!","{The_baby}",1,1629,-0.5,-0.5,1629
"2191","L1 13","gp",4,"d","!","{The_friend}",1,1616,-0.5,-0.5,1616
"2199","L1 13","gp",7,"c","!","{The_lady}",1,2227,-0.5,0.5,2227
"2213","L1 13","gp",8,"d","!","{The_boy}",1,1601,-0.5,-0.5,1601
"2230","L1 13","gp",19,"c","!","{The_basketball_player}",1,1860,-0.5,0.5,1860
"2233","L1 13","gp",16,"d","!","{The_assistant}",1,1635,-0.5,-0.5,1635
"2247","L1 13","gp",11,"c","!","{The_lady}",0,1971,-0.5,0.5,1971
"2259","L1 13","gp",23,"c","!","{The_child}",1,3349,-0.5,0.5,3349
"2276","L1 13","gp",20,"d","!","{The_man}",1,1499,-0.5,-0.5,1499
"2283","L1 13","gp",15,"c","!","{The_boy}",1,1515,-0.5,0.5,1515
"2297","L1 13","gp",3,"c","!","{The_president}",1,3201,-0.5,0.5,3201
"2356","L1 14","gp",19,"d","!","{The_coach}",0,1881,-0.5,-0.5,1881
"2363","L1 14","gp",11,"d","!","{The_friend}",1,1564,-0.5,-0.5,1564
"2381","L1 14","gp",18,"c","!","{The_father}",0,2271,-0.5,0.5,2271
"2391","L1 14","gp",15,"d","!","{The_boy}",1,1093,-0.5,-0.5,1093
"2397","L1 14","gp",23,"d","!","{The_child}",1,1169,-0.5,-0.5,1169
"2422","L1 14","gp",2,"c","!","{The_baby}",1,2564,-0.5,0.5,2564
"2425","L1 14","gp",3,"d","!","{The_president}",1,1488,-0.5,-0.5,1488
"2471","L1 14","gp",10,"c","!","{The_General}",1,1749,-0.5,0.5,1749
"2479","L1 14","gp",6,"c","!","{The_neighbour}",1,1961,-0.5,0.5,1961
"2482","L1 14","gp",14,"c","!","{The_doctor}",0,1632,-0.5,0.5,1632
"2489","L1 14","gp",7,"d","!","{The_lady}",1,1605,-0.5,-0.5,1605
"2518","L1 14","gp",22,"c","!","{The_coach}",1,2179,-0.5,0.5,2179
"2539","L1 15","gp",22,"d","!","{The_coach}",1,2014,-0.5,-0.5,2014
"2546","L1 15","gp",1,"c","!","{The_man}",1,1925,-0.5,0.5,1925
"2561","L1 15","gp",21,"c","!","{The_child}",1,7534,-0.5,0.5,7534
"2595","L1 15","gp",13,"c","!","{The_boy}",1,1965,-0.5,0.5,1965
"2612","L1 15","gp",18,"d","!","{The_baby}",1,4423,-0.5,-0.5,4423
"2615","L1 15","gp",14,"d","!","{The_nurse}",1,6913,-0.5,-0.5,6913
"2618","L1 15","gp",5,"c","!","{The_boy}",1,3210,-0.5,0.5,3210
"2622","L1 15","gp",6,"d","!","{The_neighbour}",1,1863,-0.5,-0.5,1863
"2630","L1 15","gp",10,"d","!","{The_General}",1,1798,-0.5,-0.5,1798
"2636","L1 15","gp",17,"c","!","{The_terrorist}",1,2058,-0.5,0.5,2058
"2664","L1 15","gp",9,"c","!","{The_singer}",1,1669,-0.5,0.5,1669
"2682","L1 15","gp",2,"d","!","{The_baby}",1,1460,-0.5,-0.5,1460
"2732","L1 16","gp",5,"d","!","{The_boy}",1,1414,-0.5,-0.5,1414
"2742","L1 16","gp",24,"c","!","{The_director}",1,1238,-0.5,0.5,1238
"2764","L1 16","gp",12,"c","!","{The_baby}",1,1711,-0.5,0.5,1711
"2804","L1 16","gp",13,"d","!","{The_boy}",1,1511,-0.5,-0.5,1511
"2807","L1 16","gp",17,"d","!","{The_terrorist}",1,1457,-0.5,-0.5,1457
"2813","L1 16","gp",1,"d","!","{The_man}",1,2154,-0.5,-0.5,2154
"2820","L1 16","gp",16,"c","!","{The_assistant}",1,2060,-0.5,0.5,2060
"2838","L1 16","gp",9,"d","!","{The_singer}",1,1881,-0.5,-0.5,1881
"2841","L1 16","gp",8,"c","!","{The_boy}",1,1924,-0.5,0.5,1924
"2853","L1 16","gp",20,"c","!","{The_man}",1,1518,-0.5,0.5,1518
"2865","L1 16","gp",21,"d","!","{The_child}",1,2631,-0.5,-0.5,2631
"2878","L1 16","gp",4,"c","!","{The_two_children}",0,2881,-0.5,0.5,2881
"2902","L1 17","gp",12,"d","!","{The_baby}",1,2216,-0.5,-0.5,2216
"2926","L1 17","gp",15,"c","!","{The_boy}",1,1594,-0.5,0.5,1594
"2934","L1 17","gp",24,"d","!","{The_actresses}",0,2686,-0.5,-0.5,2686
"2948","L1 17","gp",20,"d","!","{The_two_friends}",0,3497,-0.5,-0.5,3497
"2958","L1 17","gp",8,"d","!","{The_boy}",1,2092,-0.5,-0.5,2092
"2988","L1 17","gp",11,"c","!","{The_friend}",1,2335,-0.5,0.5,2335
"3006","L1 17","gp",3,"c","!","{The_president}",1,2691,-0.5,0.5,2691
"3023","L1 17","gp",7,"c","!","{The_lady}",1,1707,-0.5,0.5,1707
"3033","L1 17","gp",16,"d","!","{The_assistant}",1,1791,-0.5,-0.5,1791
"3039","L1 17","gp",19,"c","!","{The_basketball_player}",1,2995,-0.5,0.5,2995
"3042","L1 17","gp",4,"d","!","{The_friend}",1,1622,-0.5,-0.5,1622
"3055","L1 17","gp",23,"c","!","{The_child}",1,3059,-0.5,0.5,3059
"3083","L1 18","gp",23,"d","!","{The_child}",1,1388,-0.5,-0.5,1388
"3087","L1 18","gp",19,"d","!","{The_basketball_player}",1,1777,-0.5,-0.5,1777
"3098","L1 18","gp",15,"d","!","{The_boy}",1,1416,-0.5,-0.5,1416
"3102","L1 18","gp",3,"d","!","{The_two_journalists}",0,1757,-0.5,-0.5,1757
"3109","L1 18","gp",22,"c","!","{The_coach}",1,1298,-0.5,0.5,1298
"3124","L1 18","gp",14,"c","!","{The_nurse}",1,1663,-0.5,0.5,1663
"3136","L1 18","gp",6,"c","!","{The_neighbour}",1,1341,-0.5,0.5,1341
"3172","L1 18","gp",18,"c","!","{The_father}",0,2262,-0.5,0.5,2262
"3182","L1 18","gp",11,"d","!","{The_friend}",1,1235,-0.5,-0.5,1235
"3204","L1 18","gp",7,"d","!","{The_lady}",1,2371,-0.5,-0.5,2371
"3228","L1 18","gp",2,"c","!","{The_baby}",1,2468,-0.5,0.5,2468
"3231","L1 18","gp",10,"c","!","{The_General}",1,1207,-0.5,0.5,1207
"3256","L1 19","gp",14,"d","!","{The_nurse}",1,3707,-0.5,-0.5,3707
"3278","L1 19","gp",1,"c","!","{The_man}",1,3632,-0.5,0.5,3632
"3285","L1 19","gp",21,"c","!","{The_child}",1,1513,-0.5,0.5,1513
"3302","L1 19","gp",17,"c","!","{The_terrorist}",1,3270,-0.5,0.5,3270
"3312","L1 19","gp",5,"c","!","{The_boy}",1,1845,-0.5,0.5,1845
"3323","L1 19","gp",10,"d","!","{The_General}",1,2414,-0.5,-0.5,2414
"3331","L1 19","gp",6,"d","!","{The_neighbour}",1,1791,-0.5,-0.5,1791
"3334","L1 19","gp",9,"c","!","{The_singer}",1,2626,-0.5,0.5,2626
"3382","L1 19","gp",18,"d","!","{The_baby}",1,1544,-0.5,-0.5,1544
"3396","L1 19","gp",13,"c","!","{The_boy}",1,3460,-0.5,0.5,3460
"3399","L1 19","gp",2,"d","!","{The_baby}",1,1695,-0.5,-0.5,1695
"3406","L1 19","gp",22,"d","!","{The_coach}",1,1653,-0.5,-0.5,1653
"3435","L1 20","gp",13,"d","!","{The_boy}",1,1900,-0.5,-0.5,1900
"3452","L1 20","gp",5,"d","!","{The_boy}",1,3538,-0.5,-0.5,3538
"3463","L1 20","gp",8,"c","!","{Mary}",0,3291,-0.5,0.5,3291
"3485","L1 20","gp",4,"c","!","{The_friend}",1,3668,-0.5,0.5,3668
"3492","L1 20","gp",20,"c","!","{The_man}",1,971,-0.5,0.5,971
"3499","L1 20","gp",9,"d","!","{The_singer}",1,1675,-0.5,-0.5,1675
"3516","L1 20","gp",12,"c","!","{The_baby}",1,2883,-0.5,0.5,2883
"3523","L1 20","gp",24,"c","!","{The_director}",1,1706,-0.5,0.5,1706
"3536","L1 20","gp",21,"d","!","{The_child}",1,3776,-0.5,-0.5,3776
"3547","L1 20","gp",17,"d","!","{The_terrorist}",1,1085,-0.5,-0.5,1085
"3567","L1 20","gp",16,"c","!","{The_assistant}",1,2114,-0.5,0.5,2114
"3589","L1 20","gp",1,"d","!","{The_man}",1,1324,-0.5,-0.5,1324
"3632","L1 21","gp",20,"d","!","{The_man}",1,1262,-0.5,-0.5,1262
"3641","L1 21","gp",8,"d","!","{The_boy}",1,1554,-0.5,-0.5,1554
"3648","L1 21","gp",24,"d","!","{The_director}",1,961,-0.5,-0.5,961
"3666","L1 21","gp",19,"c","!","{The_basketball_player}",1,1525,-0.5,0.5,1525
"3690","L1 21","gp",16,"d","!","{The_assistant}",1,1018,-0.5,-0.5,1018
"3726","L1 21","gp",15,"c","!","{The_boy}",1,1252,-0.5,0.5,1252
"3733","L1 21","gp",4,"d","!","{The_friend}",1,958,-0.5,-0.5,958
"3737","L1 21","gp",3,"c","!","{The_president}",1,1159,-0.5,0.5,1159
"3740","L1 21","gp",12,"d","!","{The_baby}",1,1264,-0.5,-0.5,1264
"3747","L1 21","gp",23,"c","!","{The_child}",1,1147,-0.5,0.5,1147
"3751","L1 21","gp",11,"c","!","{The_friend}",1,1291,-0.5,0.5,1291
"3775","L1 21","gp",7,"c","!","{The_lady}",1,1351,-0.5,0.5,1351
"3802","L1 22","gp",2,"c","!","{The_baby}",1,2881,-0.5,0.5,2881
"3826","L1 22","gp",3,"d","!","{The_president}",1,2066,-0.5,-0.5,2066
"3859","L1 22","gp",22,"c","!","{The_coach}",1,2729,-0.5,0.5,2729
"3889","L1 22","gp",14,"c","!","{The_nurse}",1,2830,-0.5,0.5,2830
"3893","L1 22","gp",19,"d","!","{The_basketball_player}",1,2415,-0.5,-0.5,2415
"3899","L1 22","gp",10,"c","!","{The_General}",1,2173,-0.5,0.5,2173
"3902","L1 22","gp",7,"d","!","{The_man}",0,2361,-0.5,-0.5,2361
"3905","L1 22","gp",23,"d","!","{The_child}",1,1921,-0.5,-0.5,1921
"3909","L1 22","gp",15,"d","!","{The_boy}",1,1936,-0.5,-0.5,1936
"3930","L1 22","gp",6,"c","!","{The_neighbour}",1,1732,-0.5,0.5,1732
"3934","L1 22","gp",11,"d","!","{The_friend}",1,5075,-0.5,-0.5,5075
"3941","L1 22","gp",18,"c","!","{The_baby}",1,3326,-0.5,0.5,3326
"3976","L1 23","gp",13,"c","!","{The_boy}",1,1555,-0.5,0.5,1555
"3979","L1 23","gp",10,"d","!","{The_General}",1,1716,-0.5,-0.5,1716
"3982","L1 23","gp",22,"d","!","{The_coach}",1,1189,-0.5,-0.5,1189
"4005","L1 23","gp",6,"d","!","{The_neighbour}",1,1490,-0.5,-0.5,1490
"4024","L1 23","gp",21,"c","!","{The_child}",1,2164,-0.5,0.5,2164
"4031","L1 23","gp",5,"c","!","{The_boy}",1,1697,-0.5,0.5,1697
"4038","L1 23","gp",2,"d","!","{The_baby}",1,2358,-0.5,-0.5,2358
"4052","L1 23","gp",1,"c","!","{The_man}",1,2556,-0.5,0.5,2556
"4108","L1 23","gp",17,"c","!","{The_terrorist}",1,1416,-0.5,0.5,1416
"4121","L1 23","gp",14,"d","!","{The_nurse}",1,1298,-0.5,-0.5,1298
"4128","L1 23","gp",18,"d","!","{The_baby}",1,1634,-0.5,-0.5,1634
"4132","L1 23","gp",9,"c","!","{The_singer}",1,1937,-0.5,0.5,1937
"4186","L1 24","gp",12,"c","!","{The_nurse}",0,2529,-0.5,0.5,2529
"4195","L1 24","gp",17,"d","!","{The_terrorist}",1,1652,-0.5,-0.5,1652
"4203","L1 24","gp",20,"c","!","{The_two_friends}",0,2294,-0.5,0.5,2294
"4216","L1 24","gp",4,"c","!","{The_two_children}",0,4028,-0.5,0.5,4028
"4219","L1 24","gp",1,"d","!","{The_man}",1,1519,-0.5,-0.5,1519
"4227","L1 24","gp",16,"c","!","{The_researcher}",0,2225,-0.5,0.5,2225
"4253","L1 24","gp",9,"d","!","{The_pianist}",0,2151,-0.5,-0.5,2151
"4264","L1 24","gp",5,"d","!","{The_boy}",1,1213,-0.5,-0.5,1213
"4271","L1 24","gp",21,"d","!","{The_child}",1,1122,-0.5,-0.5,1122
"4278","L1 24","gp",8,"c","!","{Mary}",0,1982,-0.5,0.5,1982
"4286","L1 24","gp",24,"c","!","{The_director}",1,3964,-0.5,0.5,3964
"4300","L1 24","gp",13,"d","!","{The_girl}",0,1517,-0.5,-0.5,1517
"4339","L1 25","gp",3,"c","!","{The_two_journalists}",0,1867,-0.5,0.5,1867
"4361","L1 25","gp",15,"c","!","{The_boy}",1,1134,-0.5,0.5,1134
"4395","L1 25","gp",4,"d","!","{The_friend}",1,1475,-0.5,-0.5,1475
"4401","L1 25","gp",19,"c","!","{The_coach}",0,1961,-0.5,0.5,1961
"4434","L1 25","gp",23,"c","!","{The_child}",1,1328,-0.5,0.5,1328
"4437","L1 25","gp",24,"d","!","{The_director}",1,1409,-0.5,-0.5,1409
"4451","L1 25","gp",16,"d","!","{The_assistant}",1,1328,-0.5,-0.5,1328
"4454","L1 25","gp",12,"d","!","{The_baby}",1,1920,-0.5,-0.5,1920
"4472","L1 25","gp",7,"c","!","{The_lady}",1,1285,-0.5,0.5,1285
"4480","L1 25","gp",8,"d","!","{The_boy}",1,1193,-0.5,-0.5,1193
"4487","L1 25","gp",20,"d","!","{The_man}",1,1009,-0.5,-0.5,1009
"4495","L1 25","gp",11,"c","!","{The_friend}",1,2510,-0.5,0.5,2510
"4520","L1 26","gp",23,"d","!","{The_child}",1,2144,-0.5,-0.5,2144
"4528","L1 26","gp",7,"d","!","{The_lady}",1,1634,-0.5,-0.5,1634
"4540","L1 26","gp",14,"c","!","{The_nurse}",1,1584,-0.5,0.5,1584
"4547","L1 26","gp",19,"d","!","{The_basketball_player}",1,2299,-0.5,-0.5,2299
"4580","L1 26","gp",11,"d","!","{The_friend}",1,2702,-0.5,-0.5,2702
"4624","L1 26","gp",18,"c","!","{The_father}",0,4087,-0.5,0.5,4087
"4630","L1 26","gp",22,"c","!","{The_coach}",1,3603,-0.5,0.5,3603
"4639","L1 26","gp",2,"c","!","{The_baby}",1,1593,-0.5,0.5,1593
"4649","L1 26","gp",3,"d","!","{The_president}",1,1732,-0.5,-0.5,1732
"4667","L1 26","gp",15,"d","!","{The_boy}",1,1194,-0.5,-0.5,1194
"4675","L1 26","gp",6,"c","!","{The_neighbour}",1,2045,-0.5,0.5,2045
"4678","L1 26","gp",10,"c","!","{The_General}",1,1724,-0.5,0.5,1724
"4698","L1 27","gp",10,"d","!","{The_General}",1,1634,-0.5,-0.5,1634
"4712","L1 27","gp",6,"d","!","{The_neighbour}",1,1756,-0.5,-0.5,1756
"4726","L1 27","gp",21,"c","!","{The_child}",1,2131,-0.5,0.5,2131
"4740","L1 27","gp",13,"c","!","{The_boy}",1,1334,-0.5,0.5,1334
"4757","L1 27","gp",14,"d","!","{The_doctor}",0,1457,-0.5,-0.5,1457
"4797","L1 27","gp",9,"c","!","{The_pianist}",0,2710,-0.5,0.5,2710
"4800","L1 27","gp",2,"d","!","{The_baby}",1,1268,-0.5,-0.5,1268
"4823","L1 27","gp",18,"d","!","{The_baby}",1,1372,-0.5,-0.5,1372
"4826","L1 27","gp",22,"d","!","{The_coach}",1,1402,-0.5,-0.5,1402
"4830","L1 27","gp",5,"c","!","{The_boy}",1,1739,-0.5,0.5,1739
"4837","L1 27","gp",17,"c","!","{The_terrorist}",1,1133,-0.5,0.5,1133
"4851","L1 27","gp",1,"c","!","{The_lawyer}",0,2366,-0.5,0.5,2366
"4882","L1 28","gp",20,"c","!","{The_man}",1,1913,-0.5,0.5,1913
"4901","L1 28","gp",13,"d","!","{The_boy}",1,1799,-0.5,-0.5,1799
"4923","L1 28","gp",24,"c","!","{The_actresses}",0,4008,-0.5,0.5,4008
"4929","L1 28","gp",4,"c","!","{The_friend}",1,2143,-0.5,0.5,2143
"4958","L1 28","gp",16,"c","!","{The_researcher}",0,3381,-0.5,0.5,3381
"4961","L1 28","gp",8,"c","!","{The_boy}",1,1616,-0.5,0.5,1616
"4974","L1 28","gp",17,"d","!","{The_terrorist}",1,1313,-0.5,-0.5,1313
"4977","L1 28","gp",12,"c","!","{The_baby}",1,1676,-0.5,0.5,1676
"4984","L1 28","gp",1,"d","!","{The_man}",1,1467,-0.5,-0.5,1467
"5008","L1 28","gp",21,"d","!","{The_child}",1,2446,-0.5,-0.5,2446
"5016","L1 28","gp",9,"d","!","{The_singer}",1,1564,-0.5,-0.5,1564
"5038","L1 28","gp",5,"d","!","{The_boy}",1,1393,-0.5,-0.5,1393
"5055","L1 29","gp",7,"c","!","{The_lady}",1,1373,-0.5,0.5,1373
"5069","L1 29","gp",20,"d","!","{The_man}",1,1432,-0.5,-0.5,1432
"5081","L1 29","gp",8,"d","!","{The_boy}",1,1774,-0.5,-0.5,1774
"5092","L1 29","gp",24,"d","!","{The_director}",1,985,-0.5,-0.5,985
"5100","L1 29","gp",16,"d","!","{The_assistant}",1,1164,-0.5,-0.5,1164
"5106","L1 29","gp",3,"c","!","{The_president}",1,1122,-0.5,0.5,1122
"5132","L1 29","gp",4,"d","!","{The_friend}",1,1375,-0.5,-0.5,1375
"5138","L1 29","gp",12,"d","!","{The_baby}",1,1238,-0.5,-0.5,1238
"5162","L1 29","gp",19,"c","!","{The_basketball_player}",1,1375,-0.5,0.5,1375
"5176","L1 29","gp",23,"c","!","{The_child}",1,1015,-0.5,0.5,1015
"5199","L1 29","gp",11,"c","!","{The_friend}",1,1151,-0.5,0.5,1151
"5202","L1 29","gp",15,"c","!","{The_boy}",1,989,-0.5,0.5,989
"5239","L1 30","gp",3,"d","!","{The_two_journalists}",0,3599,-0.5,-0.5,3599
"5247","L1 30","gp",15,"d","!","{The_boy}",1,1771,-0.5,-0.5,1771
"5277","L1 30","gp",14,"c","!","{The_nurse}",1,2790,-0.5,0.5,2790
"5282","L1 30","gp",10,"c","!","{The_General}",1,1981,-0.5,0.5,1981
"5286","L1 30","gp",6,"c","!","{The_neighbour}",1,1736,-0.5,0.5,1736
"5296","L1 30","gp",7,"d","!","{The_lady}",1,1808,-0.5,-0.5,1808
"5303","L1 30","gp",11,"d","!","{The_friend}",1,1644,-0.5,-0.5,1644
"5306","L1 30","gp",23,"d","!","{The_child}",1,1576,-0.5,-0.5,1576
"5329","L1 30","gp",2,"c","!","{The_mother}",0,3014,-0.5,0.5,3014
"5341","L1 30","gp",22,"c","!","{The_coach}",1,1522,-0.5,0.5,1522
"5366","L1 30","gp",19,"d","!","{The_basketball_player}",1,1596,-0.5,-0.5,1596
"5369","L1 30","gp",18,"c","!","{The_baby}",1,1448,-0.5,0.5,1448
"5445","L1 31","gp",2,"d","!","{The_baby}",1,2093,-0.5,-0.5,2093
"5452","L1 31","gp",14,"d","!","{The_doctor}",0,1677,-0.5,-0.5,1677
"5497","L1 31","gp",13,"c","!","{The_girl}",0,2056,-0.5,0.5,2056
"5501","L1 31","gp",17,"c","!","{The_two_men}",0,3455,-0.5,0.5,3455
"5512","L1 31","gp",1,"c","!","{The_man}",1,1275,-0.5,0.5,1275
"5526","L1 31","gp",22,"d","!","{The_coach}",1,1307,-0.5,-0.5,1307
"5536","L1 31","gp",6,"d","!","{The_neighbour}",1,1564,-0.5,-0.5,1564
"5539","L1 31","gp",9,"c","!","{The_pianist}",0,3356,-0.5,0.5,3356
"5545","L1 31","gp",18,"d","!","{The_baby}",1,1310,-0.5,-0.5,1310
"5552","L1 31","gp",21,"c","!","{Anna}",0,1246,-0.5,0.5,1246
"5567","L1 31","gp",5,"c","!","{The_father}",0,1667,-0.5,0.5,1667
"5575","L1 31","gp",10,"d","!","{The_General}",1,1103,-0.5,-0.5,1103
"5595","L1 32","gp",24,"c","!","{The_director}",1,2097,-0.5,0.5,2097
"5605","L1 32","gp",5,"d","!","{The_boy}",1,1589,-0.5,-0.5,1589
"5626","L1 32","gp",17,"d","!","{The_terrorist}",1,1572,-0.5,-0.5,1572
"5637","L1 32","gp",20,"c","!","{The_man}",1,2235,-0.5,0.5,2235
"5647","L1 32","gp",8,"c","!","{The_boy}",1,1373,-0.5,0.5,1373
"5653","L1 32","gp",16,"c","!","{The_assistant}",1,2965,-0.5,0.5,2965
"5666","L1 32","gp",9,"d","!","{The_singer}",1,1935,-0.5,-0.5,1935
"5690","L1 32","gp",21,"d","!","{The_child}",1,1494,-0.5,-0.5,1494
"5693","L1 32","gp",13,"d","!","{The_boy}",1,1646,-0.5,-0.5,1646
"5707","L1 32","gp",4,"c","!","{The_friend}",1,2452,-0.5,0.5,2452
"5715","L1 32","gp",1,"d","!","{The_man}",1,2296,-0.5,-0.5,2296
"5736","L1 32","gp",12,"c","!","{The_baby}",1,1571,-0.5,0.5,1571
"5787","L1 33","gp",23,"c","!","{The_mother}",0,2170,-0.5,0.5,2170
"5810","L1 33","gp",20,"d","!","{The_man}",1,3309,-0.5,-0.5,3309
"5813","L1 33","gp",4,"d","!","{The_friend}",1,2090,-0.5,-0.5,2090
"5827","L1 33","gp",7,"c","!","{The_lady}",1,2160,-0.5,0.5,2160
"5839","L1 33","gp",19,"c","!","{The_basketball_player}",1,2132,-0.5,0.5,2132
"5855","L1 33","gp",8,"d","!","{The_boy}",1,1776,-0.5,-0.5,1776
"5858","L1 33","gp",15,"c","!","{The_boy}",1,1821,-0.5,0.5,1821
"5878","L1 33","gp",3,"c","!","{The_president}",1,1778,-0.5,0.5,1778
"5890","L1 33","gp",24,"d","!","{The_director}",1,1755,-0.5,-0.5,1755
"5896","L1 33","gp",11,"c","!","{The_friend}",1,1400,-0.5,0.5,1400
"5899","L1 33","gp",12,"d","!","{The_baby}",1,2013,-0.5,-0.5,2013
"5927","L1 33","gp",16,"d","!","{The_assistant}",1,2049,-0.5,-0.5,2049
"5976","L1 34","gp",3,"d","!","{The_two_journalists}",0,2218,-0.5,-0.5,2218
"5991","L1 34","gp",15,"d","!","{The_boy}",1,2188,-0.5,-0.5,2188
"6006","L1 34","gp",23,"d","!","{The_child}",1,1456,-0.5,-0.5,1456
"6020","L1 34","gp",19,"d","!","{The_basketball_player}",1,1694,-0.5,-0.5,1694
"6047","L1 34","gp",7,"d","!","{The_lady}",1,1366,-0.5,-0.5,1366
"6061","L1 34","gp",18,"c","!","{The_baby}",1,1234,-0.5,0.5,1234
"6065","L1 34","gp",6,"c","!","{The_two_kids}",0,3768,-0.5,0.5,3768
"6084","L1 34","gp",10,"c","!","{The_General}",1,1741,-0.5,0.5,1741
"6098","L1 34","gp",22,"c","!","{The_coach}",1,1574,-0.5,0.5,1574
"6101","L1 34","gp",2,"c","!","{The_mother}",0,2585,-0.5,0.5,2585
"6108","L1 34","gp",11,"d","!","{The_friend}",1,1500,-0.5,-0.5,1500
"6116","L1 34","gp",14,"c","!","{The_nurse}",1,2087,-0.5,0.5,2087
"6144","L1 35","gp",1,"c","!","{The_man}",1,2473,-0.5,0.5,2473
"6150","L1 35","gp",18,"d","!","{The_baby}",1,1653,-0.5,-0.5,1653
"6160","L1 35","gp",2,"d","!","{The_baby}",1,1622,-0.5,-0.5,1622
"6175","L1 35","gp",13,"c","!","{The_boy}",1,1128,-0.5,0.5,1128
"6179","L1 35","gp",21,"c","!","{The_child}",1,3666,-0.5,0.5,3666
"6196","L1 35","gp",10,"d","!","{The_General}",1,1442,-0.5,-0.5,1442
"6202","L1 35","gp",6,"d","!","{The_neighbour}",1,986,-0.5,-0.5,986
"6205","L1 35","gp",5,"c","!","{The_boy}",1,893,-0.5,0.5,893
"6215","L1 35","gp",9,"c","!","{The_singer}",1,2378,-0.5,0.5,2378
"6224","L1 35","gp",17,"c","!","{The_terrorist}",1,1003,-0.5,0.5,1003
"6251","L1 35","gp",14,"d","!","{The_nurse}",1,1121,-0.5,-0.5,1121
"6263","L1 35","gp",22,"d","!","{The_coach}",1,1423,-0.5,-0.5,1423
"6336","L1 36","gp",21,"d","!","{The_child}",1,1474,-0.5,-0.5,1474
"6344","L1 36","gp",5,"d","!","{The_boy}",1,1550,-0.5,-0.5,1550
"6366","L1 36","gp",16,"c","!","{The_assistant}",1,1631,-0.5,0.5,1631
"6382","L1 36","gp",1,"d","!","{The_man}",1,3033,-0.5,-0.5,3033
"6396","L1 36","gp",20,"c","!","{The_man}",1,1259,-0.5,0.5,1259
"6405","L1 36","gp",4,"c","!","{The_friend}",1,2607,-0.5,0.5,2607
"6417","L1 36","gp",24,"c","!","{The_director}",1,1254,-0.5,0.5,1254
"6424","L1 36","gp",8,"c","!","{The_boy}",1,9896,-0.5,0.5,NA
"6431","L1 36","gp",9,"d","!","{The_singer}",1,1428,-0.5,-0.5,1428
"6461","L1 36","gp",12,"c","!","{The_baby}",1,1647,-0.5,0.5,1647
"6471","L1 36","gp",17,"d","!","{The_terrorist}",1,1297,-0.5,-0.5,1297
"6478","L1 36","gp",13,"d","!","{The_boy}",1,1562,-0.5,-0.5,1562
"6524","L1 37","gp",12,"d","!","{The_baby}",1,1569,-0.5,-0.5,1569
"6535","L1 37","gp",11,"c","!","{The_lady}",0,3098,-0.5,0.5,3098
"6544","L1 37","gp",7,"c","!","{The_man}",0,1359,-0.5,0.5,1359
"6566","L1 37","gp",19,"c","!","{The_basketball_player}",1,2861,-0.5,0.5,2861
"6569","L1 37","gp",4,"d","!","{The_friend}",1,1887,-0.5,-0.5,1887
"6575","L1 37","gp",3,"c","!","{The_president}",1,1744,-0.5,0.5,1744
"6578","L1 37","gp",23,"c","!","{The_child}",1,1313,-0.5,0.5,1313
"6581","L1 37","gp",16,"d","!","{The_assistant}",1,1559,-0.5,-0.5,1559
"6625","L1 37","gp",24,"d","!","{The_director}",1,1715,-0.5,-0.5,1715
"6632","L1 37","gp",8,"d","!","{Mary}",0,2178,-0.5,-0.5,2178
"6636","L1 37","gp",15,"c","!","{The_aunt}",0,2067,-0.5,0.5,2067
"6648","L1 37","gp",20,"d","!","{The_man}",1,1026,-0.5,-0.5,1026
"6706","L1 38","gp",19,"d","!","{The_basketball_player}",1,1715,-0.5,-0.5,1715
"6712","L1 38","gp",7,"d","!","{The_lady}",1,1129,-0.5,-0.5,1129
"6726","L1 38","gp",3,"d","!","{The_president}",1,1807,-0.5,-0.5,1807
"6737","L1 38","gp",6,"c","!","{The_neighbour}",1,2041,-0.5,0.5,2041
"6768","L1 38","gp",2,"c","!","{The_baby}",1,1772,-0.5,0.5,1772
"6785","L1 38","gp",11,"d","!","{The_friend}",1,1222,-0.5,-0.5,1222
"6792","L1 38","gp",23,"d","!","{The_mother}",0,1569,-0.5,-0.5,1569
"6805","L1 38","gp",14,"c","!","{The_nurse}",1,1534,-0.5,0.5,1534
"6816","L1 38","gp",15,"d","!","{The_boy}",1,1211,-0.5,-0.5,1211
"6822","L1 38","gp",10,"c","!","{The_General}",1,1556,-0.5,0.5,1556
"6836","L1 38","gp",18,"c","!","{The_baby}",1,1438,-0.5,0.5,1438
"6839","L1 38","gp",22,"c","!","{The_coach}",1,838,-0.5,0.5,838
"6868","L1 39","gp",6,"d","!","{The_neighbour}",1,2377,-0.5,-0.5,2377
"6879","L1 39","gp",1,"c","!","{The_man}",1,2899,-0.5,0.5,2899
"6904","L1 39","gp",14,"d","!","{The_nurse}",1,1830,-0.5,-0.5,1830
"6907","L1 39","gp",9,"c","!","{The_pianist}",0,5220,-0.5,0.5,5220
"6937","L1 39","gp",22,"d","!","{The_coach}",1,1948,-0.5,-0.5,1948
"6951","L1 39","gp",18,"d","!","{The_baby}",1,1422,-0.5,-0.5,1422
"6964","L1 39","gp",21,"c","!","{Anna}",0,1346,-0.5,0.5,1346
"6971","L1 39","gp",10,"d","!","{The_General}",1,1658,-0.5,-0.5,1658
"6978","L1 39","gp",17,"c","!","{The_terrorist}",1,1674,-0.5,0.5,1674
"6984","L1 39","gp",13,"c","!","{The_boy}",1,1644,-0.5,0.5,1644
"6988","L1 39","gp",2,"d","!","{The_baby}",1,1894,-0.5,-0.5,1894
"7008","L1 39","gp",5,"c","!","{The_boy}",1,1542,-0.5,0.5,1542
"7039","L1 40","gp",8,"c","!","{The_boy}",1,1606,-0.5,0.5,1606
"7098","L1 40","gp",17,"d","!","{The_terrorist}",1,1580,-0.5,-0.5,1580
"7129","L1 40","gp",4,"c","!","{The_two_children}",0,2080,-0.5,0.5,2080
"7139","L1 40","gp",12,"c","!","{The_baby}",1,5614,-0.5,0.5,5614
"7145","L1 40","gp",9,"d","!","{The_singer}",1,1620,-0.5,-0.5,1620
"7150","L1 40","gp",20,"c","!","{The_two_friends}",0,2478,-0.5,0.5,2478
"7153","L1 40","gp",16,"c","!","{The_researcher}",0,3490,-0.5,0.5,3490
"7159","L1 40","gp",13,"d","!","{The_boy}",1,2396,-0.5,-0.5,2396
"7170","L1 40","gp",5,"d","!","{The_boy}",1,1783,-0.5,-0.5,1783
"7174","L1 40","gp",24,"c","!","{The_actresses}",0,3755,-0.5,0.5,3755
"7182","L1 40","gp",1,"d","!","{The_lawyer}",0,3494,-0.5,-0.5,3494
"7188","L1 40","gp",21,"d","!","{The_child}",1,1501,-0.5,-0.5,1501
"7219","L2 1","gp",23,"c","!","{The_mother}",0,1998,0.5,0.5,1998
"7243","L2 1","gp",19,"c","!","{The_coach}",0,2996,0.5,0.5,2996
"7251","L2 1","gp",7,"c","!","{The_man}",0,1862,0.5,0.5,1862
"7258","L2 1","gp",8,"d","!","{The_boy}",1,1872,0.5,-0.5,1872
"7269","L2 1","gp",4,"d","!","{The_friend}",1,1581,0.5,-0.5,1581
"7299","L2 1","gp",11,"c","!","{The_lady}",0,1309,0.5,0.5,1309
"7311","L2 1","gp",20,"d","!","{The_man}",1,1766,0.5,-0.5,1766
"7325","L2 1","gp",3,"c","!","{The_two_journalists}",0,1692,0.5,0.5,1692
"7347","L2 1","gp",12,"d","!","{The_baby}",1,2033,0.5,-0.5,2033
"7351","L2 1","gp",15,"c","!","{The_aunt}",0,1903,0.5,0.5,1903
"7362","L2 1","gp",24,"d","!","{The_director}",1,1400,0.5,-0.5,1400
"7369","L2 1","gp",16,"d","!","{The_assistant}",1,1555,0.5,-0.5,1555
"7395","L2 2","gp",19,"d","!","{The_basketball_player}",1,3822,0.5,-0.5,3822
"7416","L2 2","gp",15,"d","!","{The_boy}",1,2388,0.5,-0.5,2388
"7431","L2 2","gp",14,"c","!","{The_nurse}",1,1588,0.5,0.5,1588
"7437","L2 2","gp",3,"d","!","{The_president}",1,1474,0.5,-0.5,1474
"7444","L2 2","gp",6,"c","!","{The_neighbour}",1,1555,0.5,0.5,1555
"7465","L2 2","gp",2,"c","!","{The_baby}",1,1427,0.5,0.5,1427
"7483","L2 2","gp",22,"c","!","{The_two_footballers}",0,2661,0.5,0.5,2661
"7526","L2 2","gp",23,"d","!","{The_child}",1,5538,0.5,-0.5,5538
"7529","L2 2","gp",7,"d","!","{The_lady}",1,1770,0.5,-0.5,1770
"7541","L2 2","gp",18,"c","!","{The_baby}",1,2617,0.5,0.5,2617
"7544","L2 2","gp",11,"d","!","{The_friend}",1,1899,0.5,-0.5,1899
"7551","L2 2","gp",10,"c","!","{The_General}",1,1859,0.5,0.5,1859
"7576","L2 3","gp",22,"d","!","{The_coach}",1,1339,0.5,-0.5,1339
"7583","L2 3","gp",9,"c","!","{The_singer}",1,2577,0.5,0.5,2577
"7608","L2 3","gp",14,"d","!","{The_nurse}",1,1408,0.5,-0.5,1408
"7621","L2 3","gp",2,"d","!","{The_baby}",1,1290,0.5,-0.5,1290
"7629","L2 3","gp",10,"d","!","{The_General}",1,1469,0.5,-0.5,1469
"7640","L2 3","gp",13,"c","!","{The_boy}",1,1505,0.5,0.5,1505
"7650","L2 3","gp",5,"c","!","{The_father}",0,1201,0.5,0.5,1201
"7663","L2 3","gp",21,"c","!","{Anna}",0,1268,0.5,0.5,1268
"7692","L2 3","gp",1,"c","!","{The_man}",1,1109,0.5,0.5,1109
"7702","L2 3","gp",6,"d","!","{The_neighbour}",1,1325,0.5,-0.5,1325
"7713","L2 3","gp",18,"d","!","{The_baby}",1,1604,0.5,-0.5,1604
"7730","L2 3","gp",17,"c","!","{The_terrorist}",1,876,0.5,0.5,876
"7766","L2 4","gp",20,"c","!","{The_man}",1,1529,0.5,0.5,1529
"7769","L2 4","gp",5,"d","!","{The_boy}",1,1737,0.5,-0.5,1737
"7776","L2 4","gp",17,"d","!","{The_terrorist}",1,1368,0.5,-0.5,1368
"7790","L2 4","gp",13,"d","!","{The_boy}",1,1439,0.5,-0.5,1439
"7797","L2 4","gp",16,"c","!","{The_assistant}",1,2195,0.5,0.5,2195
"7804","L2 4","gp",24,"c","!","{The_director}",1,2279,0.5,0.5,2279
"7815","L2 4","gp",8,"c","!","{The_boy}",1,2493,0.5,0.5,2493
"7855","L2 4","gp",12,"c","!","{The_baby}",1,1776,0.5,0.5,1776
"7862","L2 4","gp",4,"c","!","{The_friend}",1,1657,0.5,0.5,1657
"7871","L2 4","gp",1,"d","!","{The_man}",1,1932,0.5,-0.5,1932
"7874","L2 4","gp",21,"d","!","{The_child}",1,1496,0.5,-0.5,1496
"7895","L2 4","gp",9,"d","!","{The_singer}",1,1511,0.5,-0.5,1511
"7938","L2 5","gp",7,"c","!","{The_lady}",1,1867,0.5,0.5,1867
"7985","L2 5","gp",8,"d","!","{The_boy}",1,1988,0.5,-0.5,1988
"7990","L2 5","gp",4,"d","!","{The_friend}",1,5327,0.5,-0.5,5327
"7998","L2 5","gp",20,"d","!","{The_man}",1,3111,0.5,-0.5,3111
"8002","L2 5","gp",19,"c","!","{The_coach}",0,6618,0.5,0.5,6618
"8016","L2 5","gp",16,"d","!","{The_assistant}",1,1877,0.5,-0.5,1877
"8026","L2 5","gp",24,"d","!","{The_director}",1,1794,0.5,-0.5,1794
"8034","L2 5","gp",23,"c","!","{The_mother}",0,7406,0.5,0.5,7406
"8054","L2 5","gp",12,"d","!","{The_baby}",1,1353,0.5,-0.5,1353
"8064","L2 5","gp",15,"c","!","{The_aunt}",0,1488,0.5,0.5,1488
"8067","L2 5","gp",11,"c","!","{The_lady}",0,1257,0.5,0.5,1257
"8084","L2 5","gp",3,"c","!","{The_two_journalists}",0,1536,0.5,0.5,1536
"8135","L2 6","gp",6,"c","!","{The_two_kids}",0,5570,0.5,0.5,5570
"8159","L2 6","gp",14,"c","!","{The_doctor}",0,4588,0.5,0.5,4588
"8175","L2 6","gp",19,"d","!","{The_basketball_player}",1,3152,0.5,-0.5,3152
"8179","L2 6","gp",7,"d","!","{The_lady}",1,1644,0.5,-0.5,1644
"8185","L2 6","gp",22,"c","!","{The_coach}",1,1262,0.5,0.5,1262
"8206","L2 6","gp",11,"d","!","{The_friend}",1,2256,0.5,-0.5,2256
"8224","L2 6","gp",18,"c","!","{The_baby}",1,1635,0.5,0.5,1635
"8231","L2 6","gp",15,"d","!","{The_boy}",1,1660,0.5,-0.5,1660
"8235","L2 6","gp",3,"d","!","{The_president}",1,2552,0.5,-0.5,2552
"8266","L2 6","gp",10,"c","!","{The_General}",1,6749,0.5,0.5,6749
"8269","L2 6","gp",2,"c","!","{The_mother}",0,1582,0.5,0.5,1582
"8275","L2 6","gp",23,"d","!","{The_child}",1,2842,0.5,-0.5,2842
"8299","L2 7","gp",5,"c","!","{The_father}",0,3028,0.5,0.5,3028
"8313","L2 7","gp",21,"c","!","{The_child}",1,2320,0.5,0.5,2320
"8324","L2 7","gp",14,"d","!","{The_nurse}",1,2631,0.5,-0.5,2631
"8327","L2 7","gp",2,"d","!","{The_baby}",1,2413,0.5,-0.5,2413
"8338","L2 7","gp",22,"d","!","{The_coach}",1,2860,0.5,-0.5,2860
"8346","L2 7","gp",17,"c","!","{The_terrorist}",1,2472,0.5,0.5,2472
"8373","L2 7","gp",6,"d","!","{The_neighbour}",1,4269,0.5,-0.5,4269
"8396","L2 7","gp",18,"d","!","{The_baby}",1,2661,0.5,-0.5,2661
"8403","L2 7","gp",9,"c","!","{The_singer}",1,4447,0.5,0.5,4447
"8421","L2 7","gp",1,"c","!","{The_man}",1,2799,0.5,0.5,2799
"8445","L2 7","gp",13,"c","!","{The_boy}",1,2837,0.5,0.5,2837
"8449","L2 7","gp",10,"d","!","{The_General}",1,3391,0.5,-0.5,3391
"8494","L2 8","gp",20,"c","!","{The_man}",1,1975,0.5,0.5,1975
"8498","L2 8","gp",9,"d","!","{The_singer}",1,2159,0.5,-0.5,2159
"8506","L2 8","gp",12,"c","!","{The_baby}",1,1412,0.5,0.5,1412
"8514","L2 8","gp",21,"d","!","{The_child}",1,2219,0.5,-0.5,2219
"8530","L2 8","gp",13,"d","!","{The_boy}",1,1073,0.5,-0.5,1073
"8533","L2 8","gp",1,"d","!","{The_lawyer}",0,2622,0.5,-0.5,2622
"8541","L2 8","gp",16,"c","!","{The_assistant}",1,2047,0.5,0.5,2047
"8561","L2 8","gp",8,"c","!","{Mary}",0,1163,0.5,0.5,1163
"8568","L2 8","gp",4,"c","!","{The_two_children}",0,2560,0.5,0.5,2560
"8575","L2 8","gp",24,"c","!","{The_director}",1,1034,0.5,0.5,1034
"8586","L2 8","gp",5,"d","!","{The_boy}",1,1574,0.5,-0.5,1574
"8614","L2 8","gp",17,"d","!","{The_terrorist}",1,1790,0.5,-0.5,1790
"8678","L2 9","gp",12,"d","!","{The_baby}",1,2552,0.5,-0.5,2552
"8706","L2 9","gp",15,"c","!","{The_boy}",1,2552,0.5,0.5,2552
"8725","L2 9","gp",8,"d","!","{The_boy}",1,1878,0.5,-0.5,1878
"8746","L2 9","gp",7,"c","!","{The_lady}",1,1804,0.5,0.5,1804
"8757","L2 9","gp",4,"d","!","{The_friend}",1,2821,0.5,-0.5,2821
"8763","L2 9","gp",24,"d","!","{The_director}",1,2090,0.5,-0.5,2090
"8766","L2 9","gp",3,"c","!","{The_two_journalists}",0,3352,0.5,0.5,3352
"8776","L2 9","gp",19,"c","!","{The_coach}",0,2581,0.5,0.5,2581
"8784","L2 9","gp",11,"c","!","{The_friend}",1,4445,0.5,0.5,4445
"8801","L2 9","gp",23,"c","!","{The_mother}",0,2851,0.5,0.5,2851
"8804","L2 9","gp",16,"d","!","{The_assistant}",1,2658,0.5,-0.5,2658
"8811","L2 9","gp",20,"d","!","{The_man}",1,1731,0.5,-0.5,1731
"8845","L2 10","gp",18,"c","!","{The_father}",0,2234,0.5,0.5,2234
"8852","L2 10","gp",19,"d","!","{The_coach}",0,3329,0.5,-0.5,3329
"8859","L2 10","gp",22,"c","!","{The_coach}",1,2024,0.5,0.5,2024
"8877","L2 10","gp",11,"d","!","{The_friend}",1,2406,0.5,-0.5,2406
"8884","L2 10","gp",7,"d","!","{The_lady}",1,2643,0.5,-0.5,2643
"8895","L2 10","gp",15,"d","!","{The_boy}",1,1835,0.5,-0.5,1835
"8917","L2 10","gp",14,"c","!","{The_nurse}",1,2568,0.5,0.5,2568
"8921","L2 10","gp",6,"c","!","{The_neighbour}",1,3039,0.5,0.5,3039
"8924","L2 10","gp",23,"d","!","{The_child}",1,4472,0.5,-0.5,4472
"8931","L2 10","gp",10,"c","!","{The_General}",1,3179,0.5,0.5,3179
"8961","L2 10","gp",3,"d","!","{The_president}",1,3074,0.5,-0.5,3074
"8995","L2 10","gp",2,"c","!","{The_baby}",1,3237,0.5,0.5,3237
"9020","L2 11","gp",17,"c","!","{The_terrorist}",1,1297,0.5,0.5,1297
"9055","L2 11","gp",2,"d","!","{The_baby}",1,1703,0.5,-0.5,1703
"9062","L2 11","gp",13,"c","!","{The_boy}",1,3035,0.5,0.5,3035
"9078","L2 11","gp",9,"c","!","{The_singer}",1,3001,0.5,0.5,3001
"9096","L2 11","gp",5,"c","!","{The_father}",0,1605,0.5,0.5,1605
"9100","L2 11","gp",1,"c","!","{The_man}",1,2691,0.5,0.5,2691
"9103","L2 11","gp",10,"d","!","{The_General}",1,1328,0.5,-0.5,1328
"9113","L2 11","gp",14,"d","!","{The_nurse}",1,2060,0.5,-0.5,2060
"9124","L2 11","gp",18,"d","!","{The_baby}",1,2528,0.5,-0.5,2528
"9150","L2 11","gp",22,"d","!","{The_coach}",1,1507,0.5,-0.5,1507
"9163","L2 11","gp",21,"c","!","{Anna}",0,1504,0.5,0.5,1504
"9173","L2 11","gp",6,"d","!","{The_neighbour}",1,2020,0.5,-0.5,2020
"9212","L2 12","gp",1,"d","!","{The_man}",1,1832,0.5,-0.5,1832
"9215","L2 12","gp",9,"d","!","{The_singer}",1,1407,0.5,-0.5,1407
"9223","L2 12","gp",20,"c","!","{The_man}",1,3356,0.5,0.5,3356
"9231","L2 12","gp",12,"c","!","{The_nurse}",0,1903,0.5,0.5,1903
"9235","L2 12","gp",17,"d","!","{The_terrorist}",1,1103,0.5,-0.5,1103
"9287","L2 12","gp",8,"c","!","{The_boy}",1,1287,0.5,0.5,1287
"9293","L2 12","gp",21,"d","!","{The_child}",1,1756,0.5,-0.5,1756
"9296","L2 12","gp",13,"d","!","{The_boy}",1,1896,0.5,-0.5,1896
"9303","L2 12","gp",16,"c","!","{The_assistant}",1,2610,0.5,0.5,2610
"9313","L2 12","gp",24,"c","!","{The_director}",1,1731,0.5,0.5,1731
"9320","L2 12","gp",4,"c","!","{The_friend}",1,1639,0.5,0.5,1639
"9335","L2 12","gp",5,"d","!","{The_boy}",1,1207,0.5,-0.5,1207
"9386","L2 13","gp",24,"d","!","{The_director}",1,2006,0.5,-0.5,2006
"9406","L2 13","gp",20,"d","!","{The_man}",1,2272,0.5,-0.5,2272
"9419","L2 13","gp",15,"c","!","{The_boy}",1,1696,0.5,0.5,1696
"9430","L2 13","gp",8,"d","!","{The_boy}",1,1778,0.5,-0.5,1778
"9433","L2 13","gp",19,"c","!","{The_basketball_player}",1,1875,0.5,0.5,1875
"9448","L2 13","gp",12,"d","!","{The_baby}",1,2507,0.5,-0.5,2507
"9458","L2 13","gp",4,"d","!","{The_friend}",1,2636,0.5,-0.5,2636
"9469","L2 13","gp",7,"c","!","{The_man}",0,1986,0.5,0.5,1986
"9497","L2 13","gp",3,"c","!","{The_president}",1,2188,0.5,0.5,2188
"9507","L2 13","gp",16,"d","!","{The_assistant}",1,2186,0.5,-0.5,2186
"9514","L2 13","gp",23,"c","!","{The_mother}",0,2403,0.5,0.5,2403
"9524","L2 13","gp",11,"c","!","{The_friend}",1,2271,0.5,0.5,2271
"9559","L2 14","gp",18,"c","!","{The_father}",0,1919,0.5,0.5,1919
"9580","L2 14","gp",11,"d","!","{The_friend}",1,2086,0.5,-0.5,2086
"9587","L2 14","gp",19,"d","!","{The_basketball_player}",1,2696,0.5,-0.5,2696
"9603","L2 14","gp",7,"d","!","{The_lady}",1,1768,0.5,-0.5,1768
"9614","L2 14","gp",14,"c","!","{The_nurse}",1,9377,0.5,0.5,NA
"9624","L2 14","gp",23,"d","!","{The_child}",1,2132,0.5,-0.5,2132
"9634","L2 14","gp",22,"c","!","{The_two_footballers}",0,3532,0.5,0.5,3532
"9686","L2 14","gp",2,"c","!","{The_baby}",1,1804,0.5,0.5,1804
"9692","L2 14","gp",3,"d","!","{The_president}",1,2508,0.5,-0.5,2508
"9704","L2 14","gp",15,"d","!","{The_boy}",1,2215,0.5,-0.5,2215
"9710","L2 14","gp",10,"c","!","{The_General}",1,1936,0.5,0.5,1936
"9714","L2 14","gp",6,"c","!","{The_two_kids}",0,3226,0.5,0.5,3226
"9744","L2 15","gp",6,"d","!","{The_neighbour}",1,1792,0.5,-0.5,1792
"9748","L2 15","gp",18,"d","!","{The_baby}",1,1941,0.5,-0.5,1941
"9794","L2 15","gp",5,"c","!","{The_boy}",1,1585,0.5,0.5,1585
"9797","L2 15","gp",2,"d","!","{The_baby}",1,1552,0.5,-0.5,1552
"9809","L2 15","gp",17,"c","!","{The_terrorist}",1,1684,0.5,0.5,1684
"9830","L2 15","gp",21,"c","!","{The_child}",1,1181,0.5,0.5,1181
"9864","L2 15","gp",22,"d","!","{The_coach}",1,1317,0.5,-0.5,1317
"9870","L2 15","gp",1,"c","!","{The_man}",1,1262,0.5,0.5,1262
"9874","L2 15","gp",10,"d","!","{The_General}",1,1281,0.5,-0.5,1281
"9881","L2 15","gp",13,"c","!","{The_boy}",1,1195,0.5,0.5,1195
"9891","L2 15","gp",9,"c","!","{The_singer}",1,1012,0.5,0.5,1012
"9899","L2 15","gp",14,"d","!","{The_nurse}",1,2036,0.5,-0.5,2036
"9923","L2 16","gp",16,"c","!","{The_researcher}",0,3738,0.5,0.5,3738
"9928","L2 16","gp",20,"c","!","{The_two_friends}",0,3060,0.5,0.5,3060
"9932","L2 16","gp",13,"d","!","{The_boy}",1,2208,0.5,-0.5,2208
"9956","L2 16","gp",8,"c","!","{Mary}",0,2018,0.5,0.5,2018
"9959","L2 16","gp",9,"d","!","{The_singer}",1,3881,0.5,-0.5,3881
"9972","L2 16","gp",24,"c","!","{The_actresses}",0,2640,0.5,0.5,2640
"9982","L2 16","gp",21,"d","!","{The_child}",1,1606,0.5,-0.5,1606
"9996","L2 16","gp",17,"d","!","{The_terrorist}",1,1688,0.5,-0.5,1688
"10015","L2 16","gp",12,"c","!","{The_nurse}",0,1550,0.5,0.5,1550
"10025","L2 16","gp",4,"c","!","{The_two_children}",0,2791,0.5,0.5,2791
"10075","L2 16","gp",1,"d","!","{The_man}",1,2058,0.5,-0.5,2058
"10078","L2 16","gp",5,"d","!","{The_boy}",1,1930,0.5,-0.5,1930
"10095","L2 17","gp",23,"c","!","{The_child}",1,2185,0.5,0.5,2185
"10112","L2 17","gp",16,"d","!","{The_assistant}",1,2462,0.5,-0.5,2462
"10115","L2 17","gp",3,"c","!","{The_president}",1,2284,0.5,0.5,2284
"10130","L2 17","gp",7,"c","!","{The_lady}",1,1942,0.5,0.5,1942
"10137","L2 17","gp",15,"c","!","{The_boy}",1,4610,0.5,0.5,4610
"10140","L2 17","gp",20,"d","!","{The_man}",1,2434,0.5,-0.5,2434
"10189","L2 17","gp",4,"d","!","{The_friend}",1,2478,0.5,-0.5,2478
"10195","L2 17","gp",12,"d","!","{The_baby}",1,2720,0.5,-0.5,2720
"10205","L2 17","gp",19,"c","!","{The_basketball_player}",1,3805,0.5,0.5,3805
"10217","L2 17","gp",8,"d","!","{The_boy}",1,8896,0.5,-0.5,8896
"10224","L2 17","gp",24,"d","!","{The_director}",1,2083,0.5,-0.5,2083
"10228","L2 17","gp",11,"c","!","{The_friend}",1,2589,0.5,0.5,2589
"10279","L2 18","gp",10,"c","!","{The_General}",1,2212,0.5,0.5,2212
"10293","L2 18","gp",22,"c","!","{The_coach}",1,5736,0.5,0.5,NA
"10306","L2 18","gp",23,"d","!","{The_child}",1,1695,0.5,-0.5,1695
"10313","L2 18","gp",3,"d","!","{The_president}",1,1594,0.5,-0.5,1594
"10317","L2 18","gp",7,"d","!","{The_lady}",1,2285,0.5,-0.5,2285
"10341","L2 18","gp",18,"c","!","{The_baby}",1,2028,0.5,0.5,2028
"10355","L2 18","gp",15,"d","!","{The_boy}",1,1355,0.5,-0.5,1355
"10362","L2 18","gp",6,"c","!","{The_neighbour}",1,2041,0.5,0.5,2041
"10380","L2 18","gp",11,"d","!","{The_friend}",1,1417,0.5,-0.5,1417
"10403","L2 18","gp",2,"c","!","{The_baby}",1,2520,0.5,0.5,2520
"10407","L2 18","gp",14,"c","!","{The_nurse}",1,1599,0.5,0.5,1599
"10418","L2 18","gp",19,"d","!","{The_basketball_player}",1,1648,0.5,-0.5,1648
"10467","L2 19","gp",1,"c","!","{The_man}",1,4679,0.5,0.5,4679
"10482","L2 19","gp",13,"c","!","{The_boy}",1,8005,0.5,0.5,8005
"10486","L2 19","gp",18,"d","!","{The_baby}",1,4597,0.5,-0.5,4597
"10513","L2 19","gp",10,"d","!","{The_General}",1,3623,0.5,-0.5,3623
"10519","L2 19","gp",9,"c","!","{The_singer}",1,3439,0.5,0.5,3439
"10559","L2 19","gp",6,"d","!","{The_neighbour}",1,3365,0.5,-0.5,3365
"10572","L2 19","gp",21,"c","!","{The_child}",1,3900,0.5,0.5,3900
"10576","L2 19","gp",2,"d","!","{The_baby}",1,2412,0.5,-0.5,2412
"10588","L2 19","gp",17,"c","!","{The_terrorist}",1,3131,0.5,0.5,3131
"10598","L2 19","gp",5,"c","!","{The_father}",0,2502,0.5,0.5,2502
"10601","L2 19","gp",22,"d","!","{The_coach}",1,2652,0.5,-0.5,2652
"10605","L2 19","gp",14,"d","!","{The_nurse}",1,2324,0.5,-0.5,2324
"10635","L2 20","gp",16,"c","!","{The_assistant}",1,2075,0.5,0.5,2075
"10680","L2 20","gp",17,"d","!","{The_terrorist}",1,2942,0.5,-0.5,2942
"10687","L2 20","gp",12,"c","!","{The_baby}",1,2481,0.5,0.5,2481
"10696","L2 20","gp",1,"d","!","{The_lawyer}",0,3605,0.5,-0.5,3605
"10710","L2 20","gp",24,"c","!","{The_director}",1,2462,0.5,0.5,2462
"10721","L2 20","gp",21,"d","!","{The_child}",1,3257,0.5,-0.5,3257
"10739","L2 20","gp",13,"d","!","{The_boy}",1,1886,0.5,-0.5,1886
"10742","L2 20","gp",8,"c","!","{The_boy}",1,1979,0.5,0.5,1979
"10759","L2 20","gp",5,"d","!","{The_boy}",1,4553,0.5,-0.5,4553
"10783","L2 20","gp",9,"d","!","{The_pianist}",0,2343,0.5,-0.5,2343
"10794","L2 20","gp",20,"c","!","{The_two_friends}",0,1992,0.5,0.5,1992
"10798","L2 20","gp",4,"c","!","{The_two_children}",0,1696,0.5,0.5,1696
"10822","L2 21","gp",19,"c","!","{The_basketball_player}",1,3509,0.5,0.5,3509
"10832","L2 21","gp",16,"d","!","{The_assistant}",1,2801,0.5,-0.5,2801
"10854","L2 21","gp",20,"d","!","{The_man}",1,1574,0.5,-0.5,1574
"10864","L2 21","gp",7,"c","!","{The_lady}",1,1404,0.5,0.5,1404
"10886","L2 21","gp",15,"c","!","{The_boy}",1,1826,0.5,0.5,1826
"10898","L2 21","gp",12,"d","!","{The_baby}",1,1400,0.5,-0.5,1400
"10913","L2 21","gp",8,"d","!","{The_boy}",1,1266,0.5,-0.5,1266
"10930","L2 21","gp",24,"d","!","{The_director}",1,1834,0.5,-0.5,1834
"10937","L2 21","gp",3,"c","!","{The_president}",1,1774,0.5,0.5,1774
"10940","L2 21","gp",11,"c","!","{The_friend}",1,1679,0.5,0.5,1679
"10969","L2 21","gp",4,"d","!","{The_friend}",1,1390,0.5,-0.5,1390
"10978","L2 21","gp",23,"c","!","{The_child}",1,2952,0.5,0.5,2952
"10998","L2 22","gp",15,"d","!","{The_aunt}",0,2110,0.5,-0.5,2110
"11015","L2 22","gp",2,"c","!","{The_mother}",0,1575,0.5,0.5,1575
"11048","L2 22","gp",7,"d","!","{The_lady}",1,1918,0.5,-0.5,1918
"11058","L2 22","gp",11,"d","!","{The_friend}",1,1018,0.5,-0.5,1018
"11089","L2 22","gp",3,"d","!","{The_president}",1,3000,0.5,-0.5,3000
"11100","L2 22","gp",22,"c","!","{The_two_footballers}",0,1693,0.5,0.5,1693
"11103","L2 22","gp",18,"c","!","{The_father}",0,1485,0.5,0.5,1485
"11110","L2 22","gp",10,"c","!","{The_General}",1,1722,0.5,0.5,1722
"11127","L2 22","gp",23,"d","!","{The_child}",1,2266,0.5,-0.5,2266
"11143","L2 22","gp",19,"d","!","{The_basketball_player}",1,1600,0.5,-0.5,1600
"11147","L2 22","gp",6,"c","!","{The_two_kids}",0,2125,0.5,0.5,2125
"11151","L2 22","gp",14,"c","!","{The_nurse}",1,1497,0.5,0.5,1497
"11180","L2 23","gp",2,"d","!","{The_baby}",1,2010,0.5,-0.5,2010
"11202","L2 23","gp",5,"c","!","{The_boy}",1,4521,0.5,0.5,4521
"11213","L2 23","gp",6,"d","!","{The_neighbour}",1,1632,0.5,-0.5,1632
"11229","L2 23","gp",22,"d","!","{The_coach}",1,1478,0.5,-0.5,1478
"11232","L2 23","gp",17,"c","!","{The_terrorist}",1,1359,0.5,0.5,1359
"11242","L2 23","gp",14,"d","!","{The_nurse}",1,1632,0.5,-0.5,1632
"11245","L2 23","gp",13,"c","!","{The_boy}",1,1459,0.5,0.5,1459
"11261","L2 23","gp",18,"d","!","{The_baby}",1,1367,0.5,-0.5,1367
"11271","L2 23","gp",9,"c","!","{The_singer}",1,2247,0.5,0.5,2247
"11307","L2 23","gp",10,"d","!","{The_General}",1,1700,0.5,-0.5,1700
"11331","L2 23","gp",1,"c","!","{The_man}",1,2796,0.5,0.5,2796
"11339","L2 23","gp",21,"c","!","{The_child}",1,1787,0.5,0.5,1787
"11366","L2 24","gp",9,"d","!","{The_singer}",1,2451,0.5,-0.5,2451
"11369","L2 24","gp",1,"d","!","{The_man}",1,4181,0.5,-0.5,4181
"11377","L2 24","gp",24,"c","!","{The_director}",1,1442,0.5,0.5,1442
"11380","L2 24","gp",13,"d","!","{The_boy}",1,1860,0.5,-0.5,1860
"11399","L2 24","gp",8,"c","!","{The_boy}",1,5285,0.5,0.5,5285
"11426","L2 24","gp",21,"d","!","{Anna}",0,3079,0.5,-0.5,3079
"11449","L2 24","gp",4,"c","!","{The_friend}",1,1989,0.5,0.5,1989
"11453","L2 24","gp",16,"c","!","{The_assistant}",1,3009,0.5,0.5,3009
"11477","L2 24","gp",12,"c","!","{The_baby}",1,2500,0.5,0.5,2500
"11487","L2 24","gp",17,"d","!","{The_terrorist}",1,2614,0.5,-0.5,2614
"11504","L2 24","gp",5,"d","!","{The_boy}",1,1651,0.5,-0.5,1651
"11507","L2 24","gp",20,"c","!","{The_man}",1,3171,0.5,0.5,3171
"11541","L2 25","gp",12,"d","!","{The_baby}",1,4237,0.5,-0.5,4237
"11555","L2 25","gp",7,"c","!","{The_lady}",1,1344,0.5,0.5,1344
"11565","L2 25","gp",24,"d","!","{The_director}",1,1666,0.5,-0.5,1666
"11584","L2 25","gp",3,"c","!","{The_president}",1,1883,0.5,0.5,1883
"11592","L2 25","gp",23,"c","!","{The_mother}",0,2022,0.5,0.5,2022
"11595","L2 25","gp",4,"d","!","{The_friend}",1,2008,0.5,-0.5,2008
"11622","L2 25","gp",8,"d","!","{The_boy}",1,1786,0.5,-0.5,1786
"11639","L2 25","gp",20,"d","!","{The_man}",1,2031,0.5,-0.5,2031
"11645","L2 25","gp",11,"c","!","{The_lady}",0,2793,0.5,0.5,2793
"11648","L2 25","gp",16,"d","!","{The_researcher}",0,2541,0.5,-0.5,2541
"11662","L2 25","gp",15,"c","!","{The_boy}",1,1765,0.5,0.5,1765
"11677","L2 25","gp",19,"c","!","{The_coach}",0,3375,0.5,0.5,3375
"11722","L2 26","gp",14,"c","!","{The_nurse}",1,3461,0.5,0.5,3461
"11729","L2 26","gp",2,"c","!","{The_mother}",0,1455,0.5,0.5,1455
"11735","L2 26","gp",19,"d","!","{The_basketball_player}",1,2806,0.5,-0.5,2806
"11749","L2 26","gp",22,"c","!","{The_coach}",1,1645,0.5,0.5,1645
"11755","L2 26","gp",23,"d","!","{The_child}",1,1580,0.5,-0.5,1580
"11763","L2 26","gp",3,"d","!","{The_president}",1,1649,0.5,-0.5,1649
"11775","L2 26","gp",18,"c","!","{The_father}",0,1775,0.5,0.5,1775
"11833","L2 26","gp",15,"d","!","{The_aunt}",0,2063,0.5,-0.5,2063
"11851","L2 26","gp",10,"c","!","{The_General}",1,3422,0.5,0.5,3422
"11857","L2 26","gp",11,"d","!","{The_friend}",1,2391,0.5,-0.5,2391
"11865","L2 26","gp",7,"d","!","{The_lady}",1,2007,0.5,-0.5,2007
"11879","L2 26","gp",6,"c","!","{The_neighbour}",1,1850,0.5,0.5,1850
"11906","L2 27","gp",17,"c","!","{The_terrorist}",1,2380,0.5,0.5,2380
"11910","L2 27","gp",14,"d","!","{The_nurse}",1,2762,0.5,-0.5,2762
"11920","L2 27","gp",2,"d","!","{The_mother}",0,2672,0.5,-0.5,2672
"11931","L2 27","gp",6,"d","!","{The_neighbour}",1,2528,0.5,-0.5,2528
"11947","L2 27","gp",9,"c","!","{The_singer}",1,2570,0.5,0.5,2570
"11950","L2 27","gp",22,"d","!","{The_coach}",1,2450,0.5,-0.5,2450
"11956","L2 27","gp",1,"c","!","{The_man}",1,4137,0.5,0.5,4137
"11981","L2 27","gp",5,"c","!","{The_boy}",1,3675,0.5,0.5,3675
"12009","L2 27","gp",10,"d","!","{The_General}",1,2442,0.5,-0.5,2442
"12035","L2 27","gp",21,"c","!","{The_child}",1,3048,0.5,0.5,3048
"12039","L2 27","gp",13,"c","!","{The_boy}",1,4911,0.5,0.5,4911
"12051","L2 27","gp",18,"d","!","{The_baby}",1,2094,0.5,-0.5,2094
"12075","L2 28","gp",4,"c","!","{The_two_children}",0,9667,0.5,0.5,9667
"12087","L2 28","gp",8,"c","!","{The_boy}",1,3140,0.5,0.5,3140
"12099","L2 28","gp",5,"d","!","{The_boy}",1,1718,0.5,-0.5,1718
"12107","L2 28","gp",9,"d","!","{The_singer}",1,2028,0.5,-0.5,2028
"12121","L2 28","gp",1,"d","!","{The_man}",1,2162,0.5,-0.5,2162
"12128","L2 28","gp",20,"c","!","{The_man}",1,1923,0.5,0.5,1923
"12140","L2 28","gp",17,"d","!","{The_terrorist}",1,1875,0.5,-0.5,1875
"12147","L2 28","gp",12,"c","!","{The_baby}",1,9099,0.5,0.5,9099
"12160","L2 28","gp",24,"c","!","{The_director}",1,3074,0.5,0.5,3074
"12163","L2 28","gp",16,"c","!","{The_assistant}",1,2979,0.5,0.5,2979
"12198","L2 28","gp",21,"d","!","{Anna}",0,6773,0.5,-0.5,6773
"12209","L2 28","gp",13,"d","!","{The_boy}",1,1911,0.5,-0.5,1911
"12256","L2 29","gp",15,"c","!","{The_boy}",1,1733,0.5,0.5,1733
"12259","L2 29","gp",24,"d","!","{The_actresses}",0,2109,0.5,-0.5,2109
"12270","L2 29","gp",3,"c","!","{The_two_journalists}",0,1339,0.5,0.5,1339
"12280","L2 29","gp",16,"d","!","{The_assistant}",1,2563,0.5,-0.5,2563
"12284","L2 29","gp",7,"c","!","{The_lady}",1,1982,0.5,0.5,1982
"12340","L2 29","gp",4,"d","!","{The_friend}",1,1948,0.5,-0.5,1948
"12349","L2 29","gp",23,"c","!","{The_mother}",0,5783,0.5,0.5,5783
"12360","L2 29","gp",19,"c","!","{The_basketball_player}",1,2377,0.5,0.5,2377
"12377","L2 29","gp",11,"c","!","{The_friend}",1,3673,0.5,0.5,3673
"12389","L2 29","gp",12,"d","!","{The_baby}",1,1748,0.5,-0.5,1748
"12393","L2 29","gp",20,"d","!","{The_man}",1,1862,0.5,-0.5,1862
"12399","L2 29","gp",8,"d","!","{The_boy}",1,2040,0.5,-0.5,2040
"12457","L2 30","gp",6,"c","!","{The_neighbour}",1,2960,0.5,0.5,2960
"12463","L2 30","gp",11,"d","!","{The_friend}",1,2181,0.5,-0.5,2181
"12481","L2 30","gp",3,"d","!","{The_president}",1,2924,0.5,-0.5,2924
"12494","L2 30","gp",15,"d","!","{The_boy}",1,4282,0.5,-0.5,4282
"12524","L2 30","gp",10,"c","!","{The_two_soldiers}",0,6938,0.5,0.5,6938
"12548","L2 30","gp",19,"d","!","{The_basketball_player}",1,3359,0.5,-0.5,3359
"12555","L2 30","gp",22,"c","!","{The_two_footballers}",0,3225,0.5,0.5,3225
"12559","L2 30","gp",18,"c","!","{The_father}",0,3287,0.5,0.5,3287
"12566","L2 30","gp",2,"c","!","{The_mother}",0,2848,0.5,0.5,2848
"12578","L2 30","gp",23,"d","!","{The_child}",1,2206,0.5,-0.5,2206
"12589","L2 30","gp",7,"d","!","{The_lady}",1,3274,0.5,-0.5,3274
"12592","L2 30","gp",14,"c","!","{The_nurse}",1,2603,0.5,0.5,2603
"12619","L2 31","gp",17,"c","!","{The_terrorist}",1,2608,0.5,0.5,2608
"12655","L2 31","gp",10,"d","!","{The_two_soldiers}",0,3122,0.5,-0.5,3122
"12658","L2 31","gp",22,"d","!","{The_coach}",1,1785,0.5,-0.5,1785
"12673","L2 31","gp",13,"c","!","{The_girl}",0,3320,0.5,0.5,3320
"12715","L2 31","gp",6,"d","!","{The_neighbour}",1,2595,0.5,-0.5,2595
"12735","L2 31","gp",18,"d","!","{The_baby}",1,6588,0.5,-0.5,6588
"12738","L2 31","gp",9,"c","!","{The_pianist}",0,1916,0.5,0.5,1916
"12748","L2 31","gp",2,"d","!","{The_baby}",1,2040,0.5,-0.5,2040
"12751","L2 31","gp",14,"d","!","{The_nurse}",1,2285,0.5,-0.5,2285
"12764","L2 31","gp",5,"c","!","{The_boy}",1,3780,0.5,0.5,3780
"12772","L2 31","gp",21,"c","!","{Anna}",0,2180,0.5,0.5,2180
"12776","L2 31","gp",1,"c","!","{The_lawyer}",0,2042,0.5,0.5,2042
"12805","L2 32","gp",20,"c","!","{The_man}",1,1854,0.5,0.5,1854
"12812","L2 32","gp",17,"d","!","{The_terrorist}",1,1456,0.5,-0.5,1456
"12815","L2 32","gp",1,"d","!","{The_man}",1,3443,0.5,-0.5,3443
"12835","L2 32","gp",5,"d","!","{The_boy}",1,2548,0.5,-0.5,2548
"12847","L2 32","gp",9,"d","!","{The_singer}",1,3645,0.5,-0.5,3645
"12856","L2 32","gp",21,"d","!","{The_child}",1,1846,0.5,-0.5,1846
"12889","L2 32","gp",24,"c","!","{The_director}",1,1989,0.5,0.5,1989
"12906","L2 32","gp",8,"c","!","{Mary}",0,3162,0.5,0.5,3162
"12919","L2 32","gp",4,"c","!","{The_friend}",1,4056,0.5,0.5,4056
"12925","L2 32","gp",12,"c","!","{The_baby}",1,2042,0.5,0.5,2042
"12944","L2 32","gp",13,"d","!","{The_boy}",1,1838,0.5,-0.5,1838
"12951","L2 32","gp",16,"c","!","{The_assistant}",1,3333,0.5,0.5,3333
"13011","L2 33","gp",8,"d","!","{The_boy}",1,1714,0.5,-0.5,1714
"13014","L2 33","gp",19,"c","!","{The_coach}",0,3189,0.5,0.5,3189
"13025","L2 33","gp",24,"d","!","{The_director}",1,2172,0.5,-0.5,2172
"13050","L2 33","gp",20,"d","!","{The_man}",1,1991,0.5,-0.5,1991
"13053","L2 33","gp",3,"c","!","{The_two_journalists}",0,1600,0.5,0.5,1600
"13057","L2 33","gp",23,"c","!","{The_mother}",0,1978,0.5,0.5,1978
"13069","L2 33","gp",15,"c","!","{The_aunt}",0,1393,0.5,0.5,1393
"13095","L2 33","gp",16,"d","!","{The_assistant}",1,6761,0.5,-0.5,NA
"13106","L2 33","gp",11,"c","!","{The_friend}",1,1683,0.5,0.5,1683
"13113","L2 33","gp",7,"c","!","{The_man}",0,1977,0.5,0.5,1977
"13129","L2 33","gp",4,"d","!","{The_friend}",1,2329,0.5,-0.5,2329
"13135","L2 33","gp",12,"d","!","{The_baby}",1,1666,0.5,-0.5,1666
"13156","L2 34","gp",6,"c","!","{The_two_kids}",0,2846,0.5,0.5,2846
"13166","L2 34","gp",11,"d","!","{The_friend}",1,1741,0.5,-0.5,1741
"13173","L2 34","gp",10,"c","!","{The_two_soldiers}",0,2001,0.5,0.5,2001
"13213","L2 34","gp",7,"d","!","{The_lady}",1,1944,0.5,-0.5,1944
"13230","L2 34","gp",23,"d","!","{The_child}",1,1453,0.5,-0.5,1453
"13236","L2 34","gp",2,"c","!","{The_baby}",1,3318,0.5,0.5,3318
"13240","L2 34","gp",14,"c","!","{The_doctor}",0,2520,0.5,0.5,2520
"13254","L2 34","gp",15,"d","!","{The_boy}",1,1371,0.5,-0.5,1371
"13278","L2 34","gp",22,"c","!","{The_coach}",1,3116,0.5,0.5,3116
"13293","L2 34","gp",3,"d","!","{The_president}",1,1848,0.5,-0.5,1848
"13304","L2 34","gp",19,"d","!","{The_basketball_player}",1,2112,0.5,-0.5,2112
"13312","L2 34","gp",18,"c","!","{The_father}",0,1452,0.5,0.5,1452
"13344","L2 35","gp",17,"c","!","{The_two_men}",0,3710,0.5,0.5,3710
"13352","L2 35","gp",2,"d","!","{The_baby}",1,2260,0.5,-0.5,2260
"13355","L2 35","gp",14,"d","!","{The_nurse}",1,2529,0.5,-0.5,2529
"13375","L2 35","gp",18,"d","!","{The_baby}",1,1853,0.5,-0.5,1853
"13395","L2 35","gp",9,"c","!","{The_pianist}",0,3503,0.5,0.5,3503
"13417","L2 35","gp",6,"d","!","{The_neighbour}",1,2283,0.5,-0.5,2283
"13446","L2 35","gp",10,"d","!","{The_General}",1,2179,0.5,-0.5,2179
"13450","L2 35","gp",22,"d","!","{The_coach}",1,2349,0.5,-0.5,2349
"13457","L2 35","gp",13,"c","!","{The_girl}",0,3403,0.5,0.5,3403
"13464","L2 35","gp",1,"c","!","{The_lawyer}",0,1454,0.5,0.5,1454
"13474","L2 35","gp",21,"c","!","{Anna}",0,3161,0.5,0.5,3161
"13484","L2 35","gp",5,"c","!","{The_father}",0,6051,0.5,0.5,6051
"13519","L2 36","gp",24,"c","!","{The_director}",1,11906,0.5,0.5,11906
"13535","L2 36","gp",1,"d","!","{The_man}",1,2649,0.5,-0.5,2649
"13551","L2 36","gp",13,"d","!","{The_boy}",1,4223,0.5,-0.5,4223
"13581","L2 36","gp",8,"c","!","{Mary}",0,2751,0.5,0.5,2751
"13606","L2 36","gp",5,"d","!","{The_boy}",1,2055,0.5,-0.5,2055
"13617","L2 36","gp",9,"d","!","{The_singer}",1,2379,0.5,-0.5,2379
"13627","L2 36","gp",4,"c","!","{The_two_children}",0,4092,0.5,0.5,4092
"13633","L2 36","gp",20,"c","!","{The_two_friends}",0,4004,0.5,0.5,4004
"13636","L2 36","gp",16,"c","!","{The_assistant}",1,17801,0.5,0.5,17801
"13642","L2 36","gp",17,"d","!","{The_terrorist}",1,2501,0.5,-0.5,2501
"13653","L2 36","gp",12,"c","!","{The_nurse}",0,2736,0.5,0.5,2736
"13657","L2 36","gp",21,"d","!","{The_child}",1,2645,0.5,-0.5,2645
"13701","L2 37","gp",3,"c","!","{The_two_journalists}",0,18889,0.5,0.5,18889
"13704","L2 37","gp",19,"c","!","{The_basketball_player}",1,2263,0.5,0.5,2263
"13725","L2 37","gp",23,"c","!","{The_child}",1,10497,0.5,0.5,10497
"13729","L2 37","gp",7,"c","!","{The_lady}",1,1848,0.5,0.5,1848
"13746","L2 37","gp",15,"c","!","{The_aunt}",0,2247,0.5,0.5,2247
"13759","L2 37","gp",24,"d","!","{The_director}",1,1550,0.5,-0.5,1550
"13766","L2 37","gp",16,"d","!","{The_assistant}",1,1806,0.5,-0.5,1806
"13781","L2 37","gp",8,"d","!","{The_boy}",1,1879,0.5,-0.5,1879
"13784","L2 37","gp",4,"d","!","{The_friend}",1,2753,0.5,-0.5,2753
"13795","L2 37","gp",20,"d","!","{The_man}",1,1781,0.5,-0.5,1781
"13823","L2 37","gp",11,"c","!","{The_lady}",0,1466,0.5,0.5,1466
"13833","L2 37","gp",12,"d","!","{The_baby}",1,1668,0.5,-0.5,1668
"13878","L2 38","gp",14,"c","!","{The_doctor}",0,4327,0.5,0.5,4327
"13886","L2 38","gp",23,"d","!","{The_child}",1,1977,0.5,-0.5,1977
"13898","L2 38","gp",2,"c","!","{The_mother}",0,1390,0.5,0.5,1390
"13902","L2 38","gp",6,"c","!","{The_two_kids}",0,4781,0.5,0.5,4781
"13942","L2 38","gp",11,"d","!","{The_friend}",1,2030,0.5,-0.5,2030
"13964","L2 38","gp",10,"c","!","{The_two_soldiers}",0,1565,0.5,0.5,1565
"13967","L2 38","gp",7,"d","!","{The_lady}",1,3924,0.5,-0.5,3924
"13980","L2 38","gp",22,"c","!","{The_two_footballers}",0,1663,0.5,0.5,1663
"13984","L2 38","gp",18,"c","!","{The_father}",0,1110,0.5,0.5,1110
"14008","L2 38","gp",15,"d","!","{The_boy}",1,2315,0.5,-0.5,2315
"14012","L2 38","gp",19,"d","!","{The_basketball_player}",1,2750,0.5,-0.5,2750
"14039","L2 38","gp",3,"d","!","{The_president}",1,1629,0.5,-0.5,1629
"14059","L2 39","gp",6,"d","!","{The_neighbour}",1,2706,0.5,-0.5,2706
"14065","L2 39","gp",21,"c","!","{The_child}",1,4637,0.5,0.5,4637
"14074","L2 39","gp",18,"d","!","{The_baby}",1,6295,0.5,-0.5,6295
"14093","L2 39","gp",2,"d","!","{The_baby}",1,1616,0.5,-0.5,1616
"14100","L2 39","gp",10,"d","!","{The_General}",1,2406,0.5,-0.5,2406
"14129","L2 39","gp",9,"c","!","{The_singer}",1,2701,0.5,0.5,2701
"14146","L2 39","gp",5,"c","!","{The_father}",0,1590,0.5,0.5,1590
"14167","L2 39","gp",17,"c","!","{The_terrorist}",1,2421,0.5,0.5,2421
"14196","L2 39","gp",1,"c","!","{The_man}",1,4198,0.5,0.5,4198
"14200","L2 39","gp",14,"d","!","{The_nurse}",1,1925,0.5,-0.5,1925
"14204","L2 39","gp",13,"c","!","{The_boy}",1,2469,0.5,0.5,2469
"14219","L2 39","gp",22,"d","!","{The_coach}",1,3983,0.5,-0.5,3983
"14257","L2 40","gp",16,"c","!","{The_assistant}",1,3086,0.5,0.5,3086
"14268","L2 40","gp",4,"c","!","{The_two_children}",0,6265,0.5,0.5,6265
"14274","L2 40","gp",24,"c","!","{The_actresses}",0,4137,0.5,0.5,4137
"14298","L2 40","gp",1,"d","!","{The_man}",1,1977,0.5,-0.5,1977
"14301","L2 40","gp",13,"d","!","{The_boy}",1,2312,0.5,-0.5,2312
"14308","L2 40","gp",5,"d","!","{The_boy}",1,3723,0.5,-0.5,3723
"14312","L2 40","gp",12,"c","!","{The_nurse}",0,4172,0.5,0.5,4172
"14330","L2 40","gp",20,"c","!","{The_two_friends}",0,3597,0.5,0.5,3597
"14334","L2 40","gp",21,"d","!","{The_child}",1,2385,0.5,-0.5,2385
"14349","L2 40","gp",9,"d","!","{The_singer}",1,3695,0.5,-0.5,3695
"14364","L2 40","gp",17,"d","!","{The_terrorist}",1,2365,0.5,-0.5,2365
"14395","L2 40","gp",8,"c","!","{Mary}",0,3243,0.5,0.5,3243
